{
  "name": "vagabond-card-king",
  "displayName": "Vagabond Card King",
  "version": "1.0.0",
  "scripts": {
    "start": "npm run dev",
    "dev": "webpack-dev-server --inline --hot --port 3000",
    "prod": "npm run build-prod && npm run eslint && npm run preview-prod",
    "prod:skip-lint": "npm run build-prod",
    "eslint": "eslint src/**/*.js",
    "build-prod": "rm -rf build && webpack --config=webpack.config.prod.js",
    "preview-prod": "cd build && http-server -p 3030"
  },
  "devDependencies": {
    "@babel/core": "^7.4.4",
    "@babel/plugin-proposal-class-properties": "^7.4.4",
    "@babel/preset-env": "^7.4.4",
    "autoprefixer": "^9.5.1",
    "babel-eslint": "^10.0.3",
    "babel-loader": "^8.0.5",
    "css-loader": "^2.1.1",
    "dat.gui": "^0.7.9",
    "eslint": "^5.16.0",
    "eslint-config-airbnb-base": "^13.1.0",
    "eslint-import-resolver-webpack": "^0.11.1",
    "eslint-plugin-import": "^2.17.2",
    "file-loader": "^3.0.1",
    "fs-extra": "^10.1.0",
    "html-webpack-plugin": "^3.2.0",
    "mini-css-extract-plugin": "^0.6.0",
    "optimize-css-assets-webpack-plugin": "^5.0.4",
    "postcss-easy-import": "^3.0.0",
    "postcss-loader": "^3.0.0",
    "postcss-simple-vars": "^5.0.2",
    "precss": "^4.0.0",
    "terser-webpack-plugin": "^1.2.3",
    "tweakpane": "^3.1.0",
    "webpack": "^4.30.0",
    "webpack-bundle-analyzer": "^4.6.1",
    "webpack-cli": "^3.3.11",
    "webpack-dev-server": "^3.11.0",
    "webpack-merge-and-include-globally": "^2.3.4",
    "yargs": "^17.5.1",
    "zip-webpack-plugin": "^4.0.1"
  },
  "dependencies": {
    "defer-promise": "^3.0.0"
  }
}
